{
  "properties": {
    "connectionReferences": {
      "shared_commondataserviceforapps": {
        "runtimeSource": "embedded",
        "connection": {},
        "api": {
          "name": "shared_commondataserviceforapps"
        }
      },
      "shared_office365": {
        "runtimeSource": "embedded",
        "connection": {},
        "api": {
          "name": "shared_office365"
        }
      },
      "shared_commondataserviceforapps_1": {
        "runtimeSource": "embedded",
        "connection": {},
        "api": {
          "name": "shared_commondataserviceforapps"
        }
      }
    },
    "definition": {
      "$schema": "https://schema.management.azure.com/providers/Microsoft.Logic/schemas/2016-06-01/workflowdefinition.json#",
      "contentVersion": "1.0.0.0",
      "parameters": {
        "$connections": {
          "defaultValue": {},
          "type": "Object"
        },
        "$authentication": {
          "defaultValue": {},
          "type": "SecureObject"
        }
      },
      "triggers": {
        "繰り返し": {
          "recurrence": {
            "frequency": "Day",
            "interval": 1,
            "timeZone": "Tokyo Standard Time",
            "schedule": {
              "hours": [
                "10"
              ],
              "minutes": [
                0
              ]
            }
          },
          "metadata": {
            "operationMetadataId": "523f4f32-d065-4889-a6b6-92c7ceaf281a"
          },
          "type": "Recurrence"
        }
      },
      "actions": {
        "行を一覧にする": {
          "runAfter": {
            "変数を初期化する": [
              "Succeeded"
            ]
          },
          "metadata": {
            "operationMetadataId": "ed50e72c-5e0b-4468-9ca1-e3c84f2fe97b"
          },
          "type": "OpenApiConnection",
          "inputs": {
            "host": {
              "connectionName": "shared_commondataserviceforapps",
              "operationId": "ListRecords",
              "apiId": "/providers/Microsoft.PowerApps/apis/shared_commondataserviceforapps"
            },
            "parameters": {
              "entityName": "ya_customers",
              "$filter": "createdon ne null"
            },
            "authentication": "@parameters('$authentication')"
          }
        },
        "アレイのフィルター処理": {
          "runAfter": {
            "行を一覧にする": [
              "Succeeded"
            ]
          },
          "metadata": {
            "operationMetadataId": "b7da4d09-7e8f-42c4-9259-4e6f90808b30"
          },
          "type": "Query",
          "inputs": {
            "from": "@outputs('行を一覧にする')?['body/value']",
            "where": "@equals(formatDateTime(convertTimeZone(item()?['createdon'], 'UTC', 'Tokyo Standard Time'), 'yyyy-MM-dd'), formatDateTime(convertTimeZone(utcNow(), 'UTC', 'Tokyo Standard Time'), 'yyyy-MM-dd'))"
          },
          "description": "@equals(formatDateTime(convertTimeZone(item()?['createdon'], 'UTC', 'Tokyo Standard Time'), 'yyyy-MM-dd'), formatDateTime(convertTimeZone(utcNow(), 'UTC', 'Tokyo Standard Time'), 'yyyy-MM-dd'))"
        },
        "Apply_to_each": {
          "foreach": "@body('アレイのフィルター処理')",
          "actions": {
            "ID_で行を取得する": {
              "runAfter": {},
              "metadata": {
                "operationMetadataId": "f80ffd4e-1c6f-447d-8d95-9c6675e8327a"
              },
              "type": "OpenApiConnection",
              "inputs": {
                "host": {
                  "connectionName": "shared_commondataserviceforapps_1",
                  "operationId": "GetItem",
                  "apiId": "/providers/Microsoft.PowerApps/apis/shared_commondataserviceforapps"
                },
                "parameters": {
                  "entityName": "ya_customers",
                  "recordId": "@items('Apply_to_each')?['ya_customerid']",
                  "$expand": "ya_Personnel($select=internalemailaddress)"
                },
                "authentication": "@parameters('$authentication')"
              },
              "description": "items('Apply_to_each')?['ya_customerid']"
            },
            "JSON_の解析": {
              "runAfter": {
                "ID_で行を取得する": [
                  "Succeeded"
                ]
              },
              "metadata": {
                "operationMetadataId": "fd768e1d-71b8-4c8c-a5ba-85ed8913ce39"
              },
              "type": "ParseJson",
              "inputs": {
                "content": "@outputs('ID_で行を取得する')?['body/ya_personnel']",
                "schema": {
                  "type": "object",
                  "properties": {
                    "@@odata.type": {
                      "type": "string"
                    },
                    "@@odata.id": {
                      "type": "string"
                    },
                    "@@odata.etag": {
                      "type": "string"
                    },
                    "@@odata.editLink": {
                      "type": "string"
                    },
                    "internalemailaddress": {
                      "type": "string"
                    },
                    "systemuserid@odata.type": {
                      "type": "string"
                    },
                    "systemuserid": {
                      "type": "string"
                    },
                    "ownerid@odata.type": {
                      "type": "string"
                    },
                    "ownerid": {
                      "type": "string"
                    }
                  }
                }
              }
            },
            "メールの送信_(V2)": {
              "runAfter": {
                "JSON_の解析": [
                  "Succeeded"
                ]
              },
              "metadata": {
                "operationMetadataId": "1468e323-3073-4457-ad24-8132755b776e"
              },
              "type": "OpenApiConnection",
              "inputs": {
                "host": {
                  "connectionName": "shared_office365",
                  "operationId": "SendEmailV2",
                  "apiId": "/providers/Microsoft.PowerApps/apis/shared_office365"
                },
                "parameters": {
                  "emailMessage/To": "@body('JSON_の解析')?['internalemailaddress']",
                  "emailMessage/Subject": "7日後通知",
                  "emailMessage/Body": "<p>登録後7日経過したお客様です。<br>\n<br>\n#@{outputs('ID_で行を取得する')?['body/ya_code']}<br>\n@{outputs('ID_で行を取得する')?['body/ya_name']}(@{outputs('ID_で行を取得する')?['body/ya_namekana']}) 様</p>"
                },
                "authentication": "@parameters('$authentication')"
              }
            }
          },
          "runAfter": {
            "アレイのフィルター処理": [
              "Succeeded"
            ]
          },
          "metadata": {
            "operationMetadataId": "e3a88882-8d04-437f-b82d-a4b52394ed2e"
          },
          "type": "Foreach"
        },
        "変数を初期化する": {
          "runAfter": {},
          "metadata": {
            "operationMetadataId": "3bd35db1-ff43-470f-8c4e-518de14bad3f"
          },
          "type": "InitializeVariable",
          "inputs": {
            "variables": [
              {
                "name": "Personnel",
                "type": "object",
                "value": {}
              }
            ]
          }
        }
      },
      "outputs": {}
    }
  },
  "schemaVersion": "1.0.0.0"
}